name,team,situation,position,icetime,I_F_points,I_F_goals
Ilya Lyubushkin,TOR,all,D,80654,15,2
Dominic Toninato,WPG,all,C,38801,14,7
Buddy Robinson,ANA,all,R,17754,6,1
Logan O'Connor,COL,all,R,67415,24,8
T.J. Tynan,LAK,all,C,1301,0,0
Declan Chisholm,WPG,all,D,1554,0,0
Jayden Halbgewachs,SJS,all,L,2357,1,0
Shea Theodore,VGK,all,D,108267,52,14
Nick Merkley,SJS,all,R,6702,3,1
Kevin Connauton,PHI,all,D,30599,3,1
Alex Steeves,TOR,all,C,1435,1,0
Victor Hedman,TBL,all,D,123372,85,20
Alexander Kerfoot,TOR,all,C,74856,51,13
Isaac Ratcliffe,PHI,all,L,6448,4,1
Johan Larsson,WSH,all,L,41048,21,7
Matt Grzelcyk,BOS,all,D,82025,24,4
Charlie McAvoy,BOS,all,D,115386,56,10
Pavel Dorofeyev,VGK,all,L,780,0,0
Simon Benoit,ANA,all,D,44814,5,1
Brendan Gallagher,MTL,all,R,50462,24,7
Thomas Hickey,NYI,all,D,2337,0,0
Petteri Lindbohm,FLA,all,D,7590,1,0
Alex Iafallo,LAK,all,L,87703,37,17
Jake DeBrusk,BOS,all,L,69468,42,25
Brett Seney,TOR,all,L,842,0,0
Keegan Kolesar,VGK,all,R,58445,24,7
Brenden Dillon,WPG,all,D,89267,20,3
Kyle Burroughs,VAN,all,D,32600,5,1
Cameron Hillis,MTL,all,C,615,0,0
Tyler Ennis,OTT,all,R,42896,24,8
Sean Kuraly,CBJ,all,C,73273,30,14
Ryan Poehling,MTL,all,C,41708,17,9
Christian Jaros,NJD,all,D,7267,0,0
Brayden Pachal,VGK,all,D,1171,0,0
Nicolas Deslauriers,MIN,all,L,55236,13,8
Eric Robinson,CBJ,all,L,55846,27,10
Jonathan Marchessault,VGK,all,C,80161,66,30
Victor Rask,SEA,all,C,34391,21,9
Matt Martin,NYI,all,L,48733,7,3
Andrew Peeke,CBJ,all,D,105665,15,2
Travis Boyd,ARI,all,C,73329,35,17
Trevor Zegras,ANA,all,C,80582,61,23
Danny DeKeyser,DET,all,D,65505,11,0
Jonas Rondbjerg,VGK,all,R,18022,6,2
Jason Zucker,PIT,all,L,36458,17,8
Troy Stecher,LAK,all,D,29003,3,1
Sam Reinhart,FLA,all,C,83112,82,33
Cale Fleury,SEA,all,D,1559,0,0
Evander Kane,EDM,all,L,50182,39,22
Adam Raska,SJS,all,R,2417,0,0
Anthony Mantha,WSH,all,R,33675,23,9
Zack Kassian,EDM,all,R,41010,19,6
Marc McLaughlin,BOS,all,C,6921,3,3
Andy Andreoff,NYI,all,C,3595,1,1
Brandon Baddock,MTL,all,L,504,0,0
Nicolas Aube-Kubel,COL,all,R,43584,23,11
Jakub Zboril,BOS,all,D,9435,3,0
Robin Salo,NYI,all,D,21031,5,1
Nolan Foote,NJD,all,L,4354,4,3
Jaycob Megna,SJS,all,D,50478,8,2
Joel Farabee,PHI,all,L,66479,34,17
Miro Heiskanen,DAL,all,D,104526,36,5
Mitchell Stephens,DET,all,C,18109,6,0
Zach Werenski,CBJ,all,D,104700,48,11
Nathan Bastian,NJD,all,R,51432,18,12
J.J. Moser,ARI,all,D,48228,15,4
Linus Hogberg,PHI,all,D,5119,2,0
Brandon Hagel,TBL,all,L,75568,44,25
Sean Monahan,CGY,all,C,54831,23,8
Kevin Labanc,SJS,all,R,16747,6,3
Andy Greene,NYI,all,D,72083,10,2
William Karlsson,VGK,all,C,73493,35,12
Robert Thomas,STL,all,C,81115,77,20
Morgan Geekie,SEA,all,C,55224,22,7
David Pastrnak,BOS,all,R,80372,77,40
Jonny Brodzinski,NYR,all,C,14330,2,1
Curtis Lazar,BOS,all,C,50375,16,8
Matias Maccelli,ARI,all,L,19592,6,1
Ryan Graves,NJD,all,D,93211,28,6
Juho Lammikko,VAN,all,L,55242,15,7
Mark Scheifele,WPG,all,C,84958,70,29
Kris Letang,PIT,all,D,120638,68,10
Noah Hanifin,CGY,all,D,103554,48,10
Adam Fox,NYR,all,D,111886,74,11
John Marino,PIT,all,D,100295,25,1
Sam Steel,ANA,all,C,50233,20,6
Tanner Jeannot,NSH,all,L,77699,41,24
Mike Hoffman,MTL,all,C,68509,35,15
Nick Holden,OTT,all,D,90510,19,5
Henrik Borgstrom,CHI,all,C,32819,7,4
Danny O'Regan,ANA,all,C,3017,1,0
Corey Schueneman,MTL,all,D,23903,6,2
Dmitrij Jaskin,ARI,all,R,10645,1,0
Zachary Hayes,VGK,all,D,1959,0,0
Josiah Slavin,CHI,all,L,10827,1,0
John Carlson,WSH,all,D,111435,71,17
Grigori Denisenko,FLA,all,L,930,0,0
Carl Hagelin,WSH,all,L,45274,14,3
Bobby Brink,PHI,all,R,9269,4,0
Casey Cizikas,NYI,all,C,61036,16,10
Stefan Matteau,COL,all,C,219,0,0
Filip Hronek,DET,all,D,103086,38,5
Barclay Goodrow,NYR,all,C,79216,33,13
Wade Allison,PHI,all,R,496,0,0
Jake Evans,MTL,all,C,67371,29,13
Beck Malenstyn,WSH,all,L,6512,1,1
Sean Walker,LAK,all,D,6614,2,0
Patrick Brown,PHI,all,C,32825,9,4
Alex Goligoski,MIN,all,D,81784,30,2
Quinn Hughes,VAN,all,D,115056,68,8
Danton Heinen,PIT,all,L,57980,33,18
Phillip Danault,LAK,all,C,85916,51,27
Alexander Holtz,NJD,all,R,6626,2,0
Brett Murray,BUF,all,L,14804,6,2
Marcus Pettersson,PIT,all,D,67630,19,2
Jacob Moverare,LAK,all,D,18629,2,0
Zach Parise,NYI,all,L,75198,35,15
Boone Jenner,CBJ,all,C,72445,44,23
Jacob Middleton,MIN,all,D,73990,14,4
Connor Dewar,MIN,all,C,20782,6,2
Nick Seeler,PHI,all,D,33742,3,1
Evgeny Kuznetsov,WSH,all,C,96129,78,24
Frank Vatrano,NYR,all,C,56058,32,18
Cody Eakin,BUF,all,C,56250,12,4
Evan Rodrigues,PIT,all,C,77918,43,19
Hayden Hodgson,PHI,all,R,4752,3,1
Vinni Lettieri,ANA,all,C,23279,10,5
Rasmus Kupari,LAK,all,C,40359,13,5
Mackenzie MacEachern,STL,all,L,6694,2,0
Nino Niederreiter,CAR,all,R,66779,44,24
Ryan O'Reilly,STL,all,C,89298,58,21
Radek Faksa,DAL,all,C,72852,19,5
Michael Pezzetta,MTL,all,L,23978,11,5
Conor Sheary,WSH,all,L,65118,43,19
Axel Jonsson-Fjallby,WSH,all,L,15431,4,2
Christian Fischer,ARI,all,R,41698,10,5
Alex DeBrincat,CHI,all,L,102613,78,41
Michael Rasmussen,DET,all,C,69687,27,15
Morgan Frost,PHI,all,C,45944,16,5
Ben Hutton,VGK,all,D,53819,13,3
Kirill Semyonov,TOR,all,C,1807,0,0
Matt Duchene,NSH,all,C,88984,86,43
Jesper Fast,CAR,all,R,72868,34,14
Ryan MacInnis,BUF,all,C,600,0,0
Anze Kopitar,LAK,all,C,100940,67,19
Zemgus Girgensons,BUF,all,L,49692,18,10
Adam Ruzicka,CGY,all,C,17176,10,5
Nick Jensen,WSH,all,D,88215,21,5
Dmitry Orlov,WSH,all,D,95590,35,12
Steven Fogarty,BOS,all,C,1236,0,0
Carl Dahlstrom,TOR,all,D,2457,2,0
Casey Mittelstadt,BUF,all,C,38689,19,6
Karson Kuhlman,SEA,all,C,31425,10,3
Michael McCarron,NSH,all,R,31791,14,7
Pierre-Luc Dubois,WPG,all,L,91951,60,28
Dakota Joshua,STL,all,C,15287,8,3
Frederick Gaudreau,MIN,all,C,74391,44,14
Glenn Gawdin,CGY,all,C,1109,0,0
Cole Reinhardt,OTT,all,L,515,0,0
Nils Lundkvist,NYR,all,D,20898,4,1
Nathan Smith,ARI,all,C,8490,4,2
Paul Byron,MTL,all,L,20413,7,4
Gemel Smith,DET,all,C,865,0,0
Jansen Harkins,WPG,all,C,43782,13,7
David Gustafsson,WPG,all,C,296,0,0
Carter Rowney,DET,all,C,16643,6,4
Anton Stralman,ARI,all,D,94747,23,8
Michael Amadio,VGK,all,C,40857,18,11
Andre Burakovsky,COL,all,L,78040,61,22
Rasmus Sandin,TOR,all,D,51896,16,5
Benoit-Olivier Groulx,ANA,all,C,11874,3,1
Mark Borowiecki,NSH,all,D,44869,4,0
Josh Brown,BOS,all,D,44356,6,0
Ronnie Attard,PHI,all,D,14935,4,2
Andrei Svechnikov,CAR,all,R,80776,69,30
Michael Raffl,DAL,all,L,66285,16,7
Pavel Zacha,NJD,all,C,70788,36,15
Eeli Tolvanen,NSH,all,R,60425,23,11
Chandler Stephenson,VGK,all,C,91504,64,21
Brian Boyle,PIT,all,C,42724,21,11
John Leonard,SJS,all,L,9475,2,1
Derek Ryan,EDM,all,C,51439,22,10
Marian Studenic,DAL,all,L,22071,4,2
Colton White,NJD,all,D,21470,4,0
Greg Pateryn,ANA,all,D,8472,2,1
Jaden Schwartz,SEA,all,C,40974,23,8
Pierre-Olivier Joseph,PIT,all,D,4374,0,0
Josh Archibald,EDM,all,R,4340,1,0
Jack Rathbone,VAN,all,D,7465,0,0
Jonathan Huberdeau,FLA,all,L,93324,115,30
Dylan Coghlan,VGK,all,D,50269,13,3
Reilly Walsh,NJD,all,D,863,1,0
Jacob Larsson,ANA,all,D,5498,1,0
Joel Edmundson,MTL,all,D,28200,6,3
Tyler Toffoli,CGY,all,R,72387,49,20
Anthony Greco,NYR,all,R,584,0,0
Dustin Brown,LAK,all,R,56595,28,9
Noah Dobson,NYI,all,D,103012,51,13
Ville Heinola,WPG,all,D,10723,5,0
Josh Bailey,NYI,all,R,74990,44,14
Derek Grant,ANA,all,C,60976,29,15
Cam York,PHI,all,D,34346,10,3
Ryan Pulock,NYI,all,D,71014,21,5
Erik Brannstrom,OTT,all,D,62854,14,0
Jujhar Khaira,CHI,all,L,22032,3,3
Hampus Lindholm,BOS,all,D,95877,27,5
Alex Formenton,OTT,all,L,73241,32,18
Andrew Mangiapane,CGY,all,L,77377,55,35
P.K. Subban,NJD,all,D,84528,22,5
Matty Beniers,SEA,all,C,10164,9,3
Alexander True,SEA,all,C,3959,0,0
Jeremy Lauzon,NSH,all,D,69979,7,2
Anthony Beauvillier,NYI,all,L,75750,34,12
Alex Turcotte,LAK,all,C,5400,0,0
Timo Meier,SJS,all,R,88501,76,35
Mason Appleton,WPG,all,C,60731,21,8
Zach Aston-Reese,ANA,all,C,53975,15,5
Ryan Getzlaf,ANA,all,C,63699,37,3
Jordan Gross,COL,all,D,499,0,0
Fredrik Claesson,TBL,all,D,5327,0,0
Jack Johnson,COL,all,D,82251,14,2
Brayden Tracey,ANA,all,L,561,0,0
Bryan Rust,PIT,all,R,67573,58,24
Nic Dowd,WSH,all,C,54769,24,10
Adam Boqvist,CBJ,all,D,53183,22,11
Jalen Chatfield,CAR,all,D,14197,3,0
C.J. Smith,CAR,all,L,562,0,0
Jordan Staal,CAR,all,C,77838,36,17
Andrew Cogliano,COL,all,C,56254,16,4
Kevin Bahl,NJD,all,D,16060,4,1
Janne Kuokkanen,NJD,all,C,46141,17,6
Roman Josi,NSH,all,D,122661,96,23
Isaak Phillips,CHI,all,D,2961,0,0
Radko Gudas,FLA,all,D,83234,16,3
Kyle Rau,MIN,all,C,2645,0,0
Robert Bortuzzo,STL,all,D,60170,6,1
Jared Spurgeon,MIN,all,D,82485,40,10
Kyle Okposo,BUF,all,R,74489,45,21
Nikita Okhotiuk,NJD,all,D,4564,2,1
Kevin Shattenkirk,ANA,all,D,105372,35,8
Vladislav Gavrikov,CBJ,all,D,106978,33,5
Riley Stillman,CHI,all,D,46999,12,2
Anthony Cirelli,TBL,all,C,83504,43,17
Ben Meyers,COL,all,C,2984,1,1
Dryden Hunt,NYR,all,L,56031,17,6
Jared McCann,SEA,all,L,71653,50,27
Aliaksei Protas,WSH,all,C,23430,9,3
Walker Duehr,CGY,all,R,527,0,0
Loui Eriksson,ARI,all,L,56591,19,3
Justin Schultz,WSH,all,D,75125,23,4
Fredrik Karlstrom,DAL,all,C,1116,1,0
Dylan Gambrell,OTT,all,C,45875,7,3
Samuel Fagemo,LAK,all,L,3293,0,0
Yanni Gourde,SEA,all,C,82066,48,21
Mikhail Maltsev,COL,all,L,8717,0,0
Adam Gaudette,OTT,all,C,39392,14,5
Josh Norris,OTT,all,C,73573,55,35
Nic Petan,VAN,all,C,11110,2,0
Brendan Lemieux,LAK,all,L,32235,13,8
Lukas Vejdemo,MTL,all,C,3829,1,1
Rasmus Asplund,BUF,all,C,68533,27,8
Joseph Cramarossa,MIN,all,C,415,1,0
Tyler Seguin,DAL,all,C,86598,49,24
Gustav Lindstrom,DET,all,D,60926,13,1
Kirill Kaprizov,MIN,all,L,92864,108,47
Clark Bishop,OTT,all,C,4505,1,0
Ivan Barbashev,STL,all,C,79906,60,26
Erik Gustafsson,CHI,all,D,57412,18,3
Zach Whitecloud,VGK,all,D,66551,19,8
Jeff Skinner,BUF,all,L,82098,63,33
Tim Gettinger,NYR,all,L,4542,0,0
Luke Witkowski,DET,all,D,558,0,0
Artemi Panarin,NYR,all,L,86501,96,22
Jackson Cates,PHI,all,C,5992,1,1
Ilya Mikheyev,TOR,all,R,48524,32,21
Jonathan Drouin,MTL,all,L,34873,20,6
Seth Jones,CHI,all,D,99650,45,5
Thomas Novak,NSH,all,C,19106,7,1
Nick Cousins,NSH,all,C,50871,22,9
Sebastian Aho,NYI,all,D,35543,12,2
Michael Sgarbossa,WSH,all,C,5937,4,2
Alex Pietrangelo,VGK,all,D,118295,44,13
Mason McTavish,ANA,all,C,7063,3,2
Turner Elson,DET,all,C,1605,0,0
Nolan Patrick,VGK,all,C,17260,7,2
Riley Tufte,DAL,all,L,4319,1,1
John Hayden,BUF,all,C,35797,4,2
Tyler Motte,NYR,all,C,48759,15,7
Jack Drury,CAR,all,C,1915,2,2
Pius Suter,DET,all,C,83266,36,15
James van Riemsdyk,PHI,all,L,79273,38,24
Ben Chiarot,FLA,all,D,101449,26,9
Mathieu Olivier,NSH,all,R,6059,1,0
Connor Murphy,CHI,all,D,74428,10,4
Jesperi Kotkaniemi,CAR,all,C,47612,29,12
Michal Kempny,WSH,all,D,14255,2,1
Rasmus Dahlin,BUF,all,D,115269,53,13
Lias Andersson,LAK,all,C,12738,2,1
Matt Dumba,MIN,all,D,79020,27,7
Mikey Anderson,LAK,all,D,68790,8,2
Cam Atkinson,PHI,all,R,79920,50,23
Mark Giordano,TOR,all,D,93960,35,8
Nick Leddy,STL,all,D,96386,24,3
Kailer Yamamoto,EDM,all,R,81993,41,20
Teuvo Teravainen,CAR,all,L,81772,65,22
Tyler Johnson,CHI,all,C,24274,8,3
Mattias Ekholm,NSH,all,D,107061,31,6
Ryan McLeod,EDM,all,C,54358,21,9
Arthur Kaliyev,LAK,all,R,60716,27,14
Tomas Nosek,BOS,all,L,60111,17,3
Brandon Tanev,SEA,all,L,26222,15,9
Lane Pederson,SJS,all,C,18302,2,0
Jesse Puljujarvi,EDM,all,R,63302,36,14
Kristian Vesalainen,WPG,all,L,27572,3,2
JJ Peterka,BUF,all,R,1935,0,0
Brett Leason,WSH,all,R,19344,6,3
Devin Shore,EDM,all,C,28111,11,5
Grant Hutton,NYI,all,D,13619,1,1
Jordan Eberle,SEA,all,R,85094,44,21
Cal Foote,TBL,all,D,44103,9,2
Jack Roslovic,CBJ,all,C,69407,45,22
Morgan Barron,WPG,all,C,15875,5,2
Victor Mete,OTT,all,D,32466,7,0
Kyle Capobianco,ARI,all,D,43211,9,2
Jack Hughes,NJD,all,C,57522,56,26
Evgenii Dadonov,VGK,all,R,74048,43,20
Brock Nelson,NYI,all,C,76355,59,37
Jamie Oleksiak,SEA,all,D,83518,17,1
Erik Cernak,TBL,all,D,63205,13,1
Owen Power,BUF,all,D,10601,3,2
Victor Soderstrom,ARI,all,D,15668,0,0
Kevin Rooney,NYR,all,C,50691,12,6
Zac Jones,NYR,all,D,10925,2,0
Jani Hakanpaa,DAL,all,D,77800,12,4
A.J. Greer,NJD,all,L,4242,2,1
Chris Kreider,NYR,all,L,91028,77,52
Cam Dineen,ARI,all,D,31903,7,0
William Lagesson,MTL,all,D,24909,5,0
Filip Hallander,PIT,all,C,352,0,0
Alex Chiasson,VAN,all,R,46634,22,13
Ryan Carpenter,CGY,all,C,50579,12,3
Ben Harpur,NSH,all,D,15662,1,0
Mike Vecchione,WSH,all,R,306,0,0
Pavel Buchnevich,STL,all,L,80155,76,30
Mika Zibanejad,NYR,all,C,95415,81,29
Libor Hajek,NYR,all,D,13391,1,0
Ondrej Kase,TOR,all,R,41962,27,14
Austin Czarnik,SEA,all,C,11118,7,2
Alex Biega,TOR,all,D,1574,0,0
Luke Glendening,DAL,all,C,69449,16,9
Patrick Kane,CHI,all,R,102133,92,26
Kyle Palmieri,NYI,all,R,64687,33,15
Josh Anderson,MTL,all,R,71313,32,19
Jordan Greenway,MIN,all,L,54172,27,10
Adam Henrique,ANA,all,C,60620,42,19
Justin Bailey,VAN,all,R,7626,0,0
Justin Faulk,STL,all,D,105779,47,16
Christopher Tanev,CGY,all,D,100635,28,6
Jordie Benn,MIN,all,D,35052,8,1
Brandon Carlo,BOS,all,D,93403,15,6
Quinton Byfield,LAK,all,C,29176,10,5
Jonathan Dahlen,SJS,all,C,50479,22,12
Vladimir Tarasenko,STL,all,R,76101,82,34
Kyle Clifford,TOR,all,L,13196,4,1
Rickard Rakell,PIT,all,R,75538,41,20
Milan Lucic,CGY,all,L,60302,21,10
Adam Lowry,WPG,all,C,73377,21,13
Alexandre Carrier,NSH,all,D,96933,30,3
Gabriel Carlsson,CBJ,all,D,27969,9,2
Haydn Fleury,SEA,all,D,41478,4,2
Mario Ferraro,SJS,all,D,86943,14,2
Jake McCabe,CHI,all,D,91379,22,4
Dean Kukan,CBJ,all,D,40078,11,3
Michael Bunting,TOR,all,L,73671,63,23
K'Andre Miller,NYR,all,D,101359,20,7
Paul LaDue,NYI,all,D,767,0,0
Marcus Johansson,WSH,all,L,66772,29,9
Joey Keane,CAR,all,D,818,0,0
Chris Tierney,OTT,all,C,52141,18,6
Braden Schneider,NYR,all,D,39929,11,2
Garnet Hathaway,WSH,all,R,61054,26,14
Jon Merrill,MIN,all,D,70847,20,4
Michael Dal Colle,NYI,all,L,874,0,0
Tim Stutzle,OTT,all,L,87270,58,22
Sam Gagner,DET,all,C,66194,31,13
Jason Spezza,TOR,all,C,45778,25,12
Chris Wagner,BOS,all,R,957,0,0
Mark Stone,VGK,all,R,40722,30,9
Darren Raddysh,TBL,all,D,2561,0,0
Nils Hoglander,VAN,all,L,47213,18,10
Aleksander Barkov,FLA,all,C,81619,88,39
Pierre-Edouard Bellemare,TBL,all,L,66035,20,9
Denis Gurianov,DAL,all,R,62131,31,11
Nazem Kadri,COL,all,C,81958,87,28
Matt Boldy,MIN,all,L,43382,39,15
Claude Giroux,FLA,all,R,85732,65,21
Connor McMichael,WSH,all,C,42710,18,9
Zac Dalpe,FLA,all,C,368,0,0
Jake Leschyshyn,VGK,all,C,27801,6,2
Mats Zuccarello,MIN,all,R,78075,79,24
Jay Beagle,ARI,all,C,27295,2,1
Tyler Benson,EDM,all,L,14858,2,1
Riley Nash,ARI,all,C,33597,4,0
Joel Kiviranta,DAL,all,L,31994,7,1
Matthew Highmore,VAN,all,C,35038,12,5
Philip Broberg,EDM,all,D,18588,3,1
Otto Koivula,NYI,all,L,5157,2,0
Brett Ritchie,CGY,all,R,23917,4,3
Christian Wolanin,LAK,all,D,7936,2,1
Henri Jokiharju,BUF,all,D,78766,19,3
Rocco Grimaldi,NSH,all,R,4590,0,0
Bo Horvat,VAN,all,C,81853,52,31
Sonny Milano,ANA,all,L,60501,34,14
Carson Soucy,SEA,all,D,67814,21,10
Vince Dunn,SEA,all,D,90559,35,7
Blake Speers,ARI,all,C,1099,0,0
Joe Veleno,DET,all,C,52329,15,8
Marc Staal,DET,all,D,74225,16,3
Cole Sillinger,CBJ,all,C,64941,31,16
Travis Konecny,PHI,all,R,83489,52,16
Ryan Murray,COL,all,D,31274,4,0
Liam Foudy,CBJ,all,C,711,0,0
Brandon Duhaime,MIN,all,R,49047,17,6
Esa Lindell,DAL,all,D,100526,25,4
Boris Katchouk,CHI,all,L,35118,7,3
Casey Fitzgerald,BUF,all,D,36450,6,0
Taylor Hall,BOS,all,L,79761,61,20
Jake Bean,CBJ,all,D,82684,25,7
Eetu Luostarinen,FLA,all,C,62887,26,9
Sean Couturier,PHI,all,C,35475,17,6
Nate Schmidt,WPG,all,D,93367,32,4
Trevor Lewis,CGY,all,C,61591,16,6
Scott Sabourin,OTT,all,R,3190,2,0
Sheldon Dries,VAN,all,C,6798,3,2
Drake Caggiula,BUF,all,C,15807,5,2
Josh Mahura,ANA,all,D,32058,7,3
Cole Schwindt,FLA,all,C,2544,0,0
Kevin Fiala,MIN,all,L,86824,85,33
Juuso Valimaki,CGY,all,D,8481,2,0
Alex Barre-Boulet,TBL,all,C,10562,6,3
Scott Reedy,SJS,all,C,23491,9,7
Alexander Alexeyev,WSH,all,D,635,0,0
Calle Jarnkrok,CGY,all,C,63509,30,12
Paul Stastny,WPG,all,C,75756,45,21
Moritz Seider,DET,all,D,113384,50,7
Luke Schenn,VAN,all,D,68151,17,5
Gustav Nyquist,CBJ,all,C,87776,53,18
Dillon Dube,CGY,all,C,60857,32,18
Erik Gudbranson,CGY,all,D,84892,17,6
Brendan Perlini,EDM,all,L,11554,5,4
Rafael Harvey-Pinard,MTL,all,L,3141,1,1
Will Butcher,BUF,all,D,36593,8,2
Alexandre Texier,CBJ,all,C,31552,20,11
Tyler Lewington,BOS,all,D,1493,0,0
Barrett Hayton,ARI,all,C,58025,24,10
Jimmy Vesey,NJD,all,L,58850,15,8
Martin Frk,LAK,all,R,5051,2,2
Nikita Zaitsev,OTT,all,D,70643,11,2
Brayden McNabb,VGK,all,D,81558,18,3
Tony DeAngelo,CAR,all,D,76065,51,10
Logan Brown,STL,all,C,23844,11,4
Jordan Martinook,CAR,all,L,39651,15,6
Brent Burns,SJS,all,D,128642,54,10
Ryan Lindgren,NYR,all,D,94070,15,4
William Carrier,VGK,all,L,43938,20,9
Tomas Tatar,NJD,all,L,67635,30,15
Blake Comeau,DAL,all,L,4129,1,1
Robby Fabbri,DET,all,C,58227,30,17
Artemi Kniazev,SJS,all,D,719,0,0
Nicolas Meloche,SJS,all,D,50627,7,2
Andrej Sustr,ANA,all,D,33569,6,1
Ross Johnston,NYI,all,L,19721,7,2
Joel Armia,MTL,all,R,49405,14,6
Oskar Steen,BOS,all,C,13288,6,2
Vincent Trocheck,CAR,all,C,86867,51,21
Patrik Laine,CBJ,all,L,63267,56,26
Michael Carcone,ARI,all,L,15515,6,4
Nathan Walker,STL,all,L,20776,12,8
Hudson Fasching,ARI,all,R,6523,0,0
Kale Clague,MTL,all,D,36153,10,2
Sean Durzi,LAK,all,D,75243,27,3
Justin Holl,TOR,all,D,83662,23,3
Kyle Connor,WPG,all,L,103219,93,47
Adam Larsson,SEA,all,D,109622,25,8
Philipp Kurashev,CHI,all,C,51673,21,6
Martin Necas,CAR,all,C,75760,40,14
Charlie Coyle,BOS,all,C,85647,44,16
Jason Dickinson,VAN,all,C,48516,11,5
Dmitry Kulikov,MIN,all,D,87341,24,7
Adrian Kempe,LAK,all,C,86972,54,35
Brad Hunt,VAN,all,D,45759,17,3
Tom Wilson,WSH,all,R,86965,52,24
Radim Zohorna,PIT,all,L,10534,6,2
Matt Benning,NSH,all,D,63715,11,0
Tage Thompson,BUF,all,R,83676,68,38
Martin Fehervary,WSH,all,D,93155,17,8
Rem Pitlick,MTL,all,C,58355,37,15
Morgan Rielly,TOR,all,D,116791,68,10
Joonas Donskoi,SEA,all,R,66767,22,2
Alexander Edler,LAK,all,D,45418,19,3
Logan Couture,SJS,all,C,87469,56,23
Chris Wideman,MTL,all,D,57124,27,4
Dylan DeMelo,WPG,all,D,84356,13,1
Mattias Janmark,VGK,all,C,57664,25,9
Kyle Criscuolo,DET,all,C,3440,2,0
Rasmus Andersson,CGY,all,D,111582,50,4
Oliver Kylington,CGY,all,D,79532,31,9
William Nylander,TOR,all,R,88807,80,34
Kent Johnson,CBJ,all,C,6719,3,0
Urho Vaakanainen,ANA,all,D,33614,6,0
Philip Tomasino,NSH,all,C,52606,32,11
Markus Nutivaara,FLA,all,D,421,1,0
Dylan Samberg,WPG,all,D,13368,5,0
Mason Shaw,MIN,all,C,1618,0,0
Kole Sherwood,NSH,all,R,488,0,0
Guillaume Brisebois,VAN,all,D,253,0,0
Nicolas Roy,VGK,all,C,76092,39,15
Mikael Backlund,CGY,all,C,84222,39,12
Zach Sanford,WPG,all,L,68635,21,9
Kevin Stenlund,CBJ,all,C,1355,0,0
Mason Geertsen,NJD,all,D,10435,0,0
Jonas Siegenthaler,NJD,all,D,86380,14,1
Brandon Biro,BUF,all,L,810,0,0
Greg McKegg,NYR,all,C,28037,5,2
Mitchell Marner,TOR,all,R,90214,97,35
Alexander Romanov,MTL,all,D,96669,13,3
Steven Stamkos,TBL,all,C,89803,106,42
Chase Priskie,FLA,all,D,3361,0,0
Patrik Nemeth,NYR,all,D,62879,7,2
Andrew Agozzino,OTT,all,L,412,0,0
Max McCormick,SEA,all,L,4860,0,0
Cale Makar,COL,all,D,118586,86,28
Alex Killorn,TBL,all,L,91989,59,25
Ben Jones,VGK,all,C,965,0,0
Colin White,OTT,all,C,22086,10,3
Mitchell Chaffee,MIN,all,R,894,0,0
Artturi Lehkonen,COL,all,L,67022,38,19
Cody Ceci,EDM,all,D,97795,28,5
Jack Quinn,BUF,all,R,1785,2,1
Mathieu Joseph,OTT,all,R,58780,30,12
Fabian Zetterlund,NJD,all,L,11208,8,3
Max Pacioretty,VGK,all,L,40666,37,19
Tanner Laczynski,PHI,all,C,567,0,0
Ryan Strome,NYR,all,C,81365,54,21
Connor Mackey,CGY,all,D,2444,1,0
Jeffrey Viel,SJS,all,L,17959,5,3
Max Willman,PHI,all,C,28958,6,4
Josh Leivo,CAR,all,L,3876,3,1
Darren Helm,COL,all,C,43049,15,7
Jarred Tinordi,NYR,all,D,5427,1,1
Dante Fabbro,NSH,all,D,75447,24,3
Dylan Sikura,COL,all,C,2987,1,0
Sasha Chmelevski,SJS,all,C,15030,8,0
Jaccob Slavin,CAR,all,D,111532,42,4
Jake Neighbours,STL,all,L,5051,2,1
Daniel Sprong,SEA,all,R,49092,20,14
Andreas Athanasiou,LAK,all,C,25593,17,11
Sean Day,TBL,all,D,1285,0,0
Trey Fix-Wolansky,CBJ,all,R,2263,2,1
Noah Gregor,SJS,all,C,56457,23,8
Jayson Megna,COL,all,C,12366,3,0
Tyler Bertuzzi,DET,all,L,81092,62,30
Jacob Bernard-Docker,OTT,all,D,7089,1,0
Jakub Voracek,CBJ,all,R,82757,62,6
Erik Karlsson,SJS,all,D,70411,35,10
Alex Wennberg,SEA,all,C,85689,37,11
Kevin Hayes,PHI,all,C,51620,31,10
Cam Fowler,ANA,all,D,111338,42,9
Matt Tennyson,NSH,all,D,6197,3,0
Ian Mitchell,CHI,all,D,5727,1,0
Patrice Bergeron,BOS,all,C,79585,65,25
Tobias Bjornfot,LAK,all,D,70404,8,0
Adam Brooks,WPG,all,C,13422,3,2
Caleb Jones,CHI,all,D,74210,21,5
Paul Cotter,VGK,all,C,3701,2,2
Derek Forbort,BOS,all,D,82633,14,4
Evgeni Malkin,PIT,all,C,45091,42,20
Bowen Byram,COL,all,D,33854,17,5
Jacob MacDonald,COL,all,D,4844,0,0
Alex Newhook,COL,all,C,57784,33,13
Adam Pelech,NYI,all,D,99595,28,3
Brendan Guhle,ANA,all,D,5280,0,0
Riley Sheahan,SEA,all,C,49865,17,4
Johnathan Kovacevic,WPG,all,D,2595,0,0
Marc-Edouard Vlasic,SJS,all,D,68469,14,3
Trevor van Riemsdyk,WSH,all,D,75462,17,1
Nicholas Paul,TBL,all,L,79257,32,16
Filip Chytil,NYR,all,C,52964,22,8
Joel Eriksson Ek,MIN,all,C,85831,49,26
Sam Lafferty,CHI,all,C,45599,13,5
Kurtis MacDermid,COL,all,D,25749,5,2
Connor McDavid,EDM,all,C,105918,123,44
Nicholas Robertson,TOR,all,L,6163,1,1
Corey Perry,TBL,all,R,66516,40,19
Chase Pearson,DET,all,C,1216,0,0
Marco Scandella,STL,all,D,76189,14,3
Conor Garland,VAN,all,R,75706,52,19
Reilly Smith,VGK,all,R,59753,38,16
Jordan Harris,MTL,all,D,9768,1,1
Kurtis Gabriel,CHI,all,R,723,0,0
Scott Mayfield,NYI,all,D,72381,18,3
Lassi Thomson,OTT,all,D,16553,5,0
Derick Brassard,EDM,all,C,35627,19,8
Tyler Myers,VAN,all,D,108130,18,1
Jakub Vrana,DET,all,L,23296,19,13
Matt Kiersted,FLA,all,D,8427,2,1
Linus Sandin,PHI,all,R,419,0,0
Jake Christiansen,CBJ,all,D,4688,1,1
Jonas Brodin,MIN,all,D,102662,30,5
Dan Renouf,DET,all,D,3361,0,0
Nikita Kucherov,TBL,all,R,56352,69,25
Ryan Suter,DAL,all,D,116385,32,7
Steven Lorentz,CAR,all,C,43772,13,8
Evan Bouchard,EDM,all,D,96252,43,12
Isac Lundestrom,ANA,all,C,74331,29,16
Taylor Raddysh,CHI,all,R,54771,22,11
James Neal,STL,all,L,13639,4,2
Austin Watson,OTT,all,L,48206,16,10
Maxim Mamin,FLA,all,C,28568,14,7
Cedric Paquette,MTL,all,C,12759,2,0
Arttu Ruotsalainen,BUF,all,C,12840,4,2
Evgeny Svechnikov,WPG,all,L,46462,19,7
Gabriel Vilardi,LAK,all,C,20271,7,5
Michael Stone,CGY,all,D,11522,6,2
Elias Pettersson,VAN,all,C,89256,68,32
Will Borgen,SEA,all,D,33012,8,2
Valtteri Puustinen,PIT,all,R,614,1,0
Alexei Toropchenko,STL,all,R,18013,2,2
Mark Pysyk,BUF,all,D,72693,12,3
Kaapo Kakko,NYR,all,R,39850,18,7
Vladislav Namestnikov,DAL,all,C,65931,30,16
Trent Frederic,BOS,all,C,41953,18,8
Carter Verhaeghe,FLA,all,C,75043,55,24
Christian Dvorak,MTL,all,L,58380,33,11
Gabriel Fortier,TBL,all,L,5569,1,1
Jeff Malott,WPG,all,L,246,0,0
Anders Bjork,BUF,all,L,41888,8,5
John Moore,BOS,all,D,7378,1,0
Justin Dowling,VAN,all,C,12665,4,2
Tyson Jost,MIN,all,C,61536,20,8
Lawson Crouse,ARI,all,L,67979,34,20
Viktor Lodin,OTT,all,C,625,0,0
Nico Sturm,COL,all,C,52855,20,9
Mark Friedman,PIT,all,D,20713,5,1
Jordan Kyrou,STL,all,C,73601,75,27
Richard Panik,NYI,all,R,3580,1,0
Alex Ovechkin,WSH,all,L,95042,90,50
Austin Poganski,WPG,all,R,8949,0,0
Craig Smith,BOS,all,C,64016,36,16
Dysin Mayo,ARI,all,D,84082,12,4
Kris Russell,EDM,all,D,28719,9,2
Ryan Donato,SEA,all,C,61246,31,16
Elias Lindholm,CGY,all,C,98129,82,42
Niko Mikkola,STL,all,D,55022,13,3
Conor Timmins,ARI,all,D,6389,0,0
Oskar Sundqvist,DET,all,C,49558,23,8
Scott Perunovich,STL,all,D,17622,6,0
Joe Thornton,FLA,all,C,22735,10,5
Jacob Perreault,ANA,all,R,665,0,0
Anthony Duclair,FLA,all,L,66669,58,31
Bokondji Imama,ARI,all,L,1085,1,1
Vladimir Tkachev,LAK,all,L,3356,2,0
Marco Rossi,MIN,all,C,1870,0,0
Colin Blackwell,TOR,all,C,41530,20,10
Travis Hamonic,OTT,all,D,48622,10,4
Anders Lee,NYI,all,L,75841,46,28
Cooper Marody,EDM,all,C,364,1,0
Mason Marchment,FLA,all,L,45744,47,18
Nick Ritchie,ARI,all,L,43439,23,12
Egor Zamula,PHI,all,D,9808,0,0
Rasmus Ristolainen,PHI,all,D,84906,16,2
Nico Hischier,NJD,all,C,81245,60,21
T.J. Oshie,WSH,all,R,46070,25,11
Jan Jenik,ARI,all,R,8327,3,2
Dylan Strome,CHI,all,C,72204,48,22
Rhett Gardner,DAL,all,C,1945,0,0
Matt Luff,NSH,all,R,12982,6,3
Jacob Bryson,BUF,all,D,80302,10,1
Mark Kastelic,OTT,all,C,8816,4,2
Bryce Kindopp,ANA,all,R,366,0,0
Jonathan Toews,CHI,all,C,74445,37,12
Shayne Gostisbehere,ARI,all,D,109178,51,14
Ryan Merkley,SJS,all,D,35984,6,1
Yegor Sharangovich,NJD,all,C,75275,46,24
Jeremy Davies,NSH,all,D,4411,2,0
Lucas Carlsson,FLA,all,D,30507,9,3
Olli Juolevi,DET,all,D,13774,0,0
Jesper Froden,BOS,all,R,5405,1,1
Blake Lizotte,LAK,all,C,51088,24,10
Torey Krug,STL,all,D,78916,43,9
Oliver Ekman-Larsson,VAN,all,D,105758,29,5
Sami Niku,MTL,all,D,11921,6,0
Nicolas Beaudin,CHI,all,D,739,0,0
Kristian Reichel,WPG,all,C,8115,2,1
Dougie Hamilton,NJD,all,D,78952,30,9
Dennis Cholowski,SEA,all,D,10437,3,0
Pat Maroon,TBL,all,L,60245,27,11
Gavin Bayreuther,CBJ,all,D,33685,8,0
Carson Meyer,CBJ,all,R,6417,3,1
Devon Toews,COL,all,D,100462,57,13
Connor Brown,OTT,all,R,77018,39,10
Kasperi Kapanen,PIT,all,R,68883,32,11
Travis Sanheim,PHI,all,D,110257,31,7
Troy Terry,ANA,all,R,82064,67,37
David Savard,MTL,all,D,77341,17,3
Jacob Trouba,NYR,all,D,108985,39,11
Tyce Thompson,NJD,all,R,1730,0,0
Jason Robertson,DAL,all,L,80414,79,41
Jakub Galvas,CHI,all,D,6537,0,0
Anthony Angello,PIT,all,R,1591,0,0
Marcus Foligno,MIN,all,L,72851,42,23
Warren Foegele,EDM,all,L,62052,26,12
J.T. Miller,VAN,all,C,101075,99,32
Cal Clutterbuck,NYI,all,R,49708,15,6
Oliver Bjorkstrand,CBJ,all,R,86159,57,28
Antoine Roussel,ARI,all,L,38614,8,4
Hendrix Lapierre,WSH,all,C,3452,1,1
Vasily Podkolzin,VAN,all,R,60629,26,14
Yakov Trenin,NSH,all,C,70405,24,17
Riley Damiani,DAL,all,C,3585,2,1
Phil Kessel,ARI,all,R,82055,52,8
Roope Hintz,DAL,all,C,86573,72,37
Taro Hirose,DET,all,L,9594,4,1
Nikita Zadorov,CGY,all,D,75081,22,4
Nicholas Abruzzese,TOR,all,C,5516,1,1
Lucas Raymond,DET,all,L,89332,57,23
Ivan Provorov,PHI,all,D,117982,31,9
Jaret Anderson-Dolan,LAK,all,C,5792,0,0
Alexis Lafreniere,NYR,all,L,66339,31,19
Nicklas Backstrom,WSH,all,C,49324,31,6
John Tavares,TOR,all,C,85671,76,27
Auston Matthews,TOR,all,C,90270,106,60
Jamie Drysdale,ANA,all,D,96642,32,4
Erik Haula,BOS,all,L,70637,44,18
Pierre Engvall,TOR,all,L,62164,35,15
Matt Nieto,SJS,all,L,60495,17,6
Andrew Ladd,ARI,all,L,43208,12,7
Derek Stepan,CAR,all,C,37569,19,9
Ross Colton,TBL,all,C,60662,39,22
Jon Lizotte,MIN,all,D,883,0,0
Jonah Gadjovich,SJS,all,L,22590,3,1
Timothy Liljegren,TOR,all,D,60025,23,5
Alex Tuch,BUF,all,R,55225,38,12
Dylan Cozens,BUF,all,C,75330,38,13
Jordan Oesterle,DET,all,D,49375,8,2
Jake Walman,DET,all,D,42913,10,3
Nick Foligno,BOS,all,L,47860,13,2
Robert Hagg,FLA,all,D,61514,9,1
Duncan Keith,EDM,all,D,75751,21,1
Tyler Pitlick,MTL,all,C,26608,5,1
Zach Bogosian,TBL,all,D,44244,8,3
Mike Reilly,BOS,all,D,79577,17,4
Drew O'Connor,PIT,all,L,13574,5,3
Jakob Chychrun,ARI,all,D,64837,21,7
Ryan Hartman,MIN,all,R,89448,65,34
Ryan Nugent-Hopkins,EDM,all,C,73023,50,11
Justin Barron,MTL,all,D,7215,2,1
Clayton Keller,ARI,all,R,80958,63,28
Wyatt Kalynuk,CHI,all,D,3599,0,0
Jakob Silfverberg,ANA,all,R,54184,21,5
Zach Hyman,EDM,all,L,88760,54,27
Kaedan Korczak,VGK,all,D,997,0,0
Alexander Radulov,DAL,all,R,60052,22,4
Oskar Lindblom,PHI,all,L,65417,26,12
Kristians Rubins,TOR,all,D,2115,0,0
Nick Blankenburg,CBJ,all,D,7380,3,1
Riley Barber,DET,all,R,2026,0,0
Kiefer Sherwood,COL,all,L,5654,2,1
Matthew Tkachuk,CGY,all,L,88065,104,42
Connor Bunnaman,PHI,all,C,9009,0,0
Brett Kulak,EDM,all,D,78831,21,5
Garrett Pilon,WSH,all,C,1129,1,1
Sammy Blais,NYR,all,L,11305,4,0
Seth Jarvis,CAR,all,C,56610,40,17
Lukas Reichel,CHI,all,L,8709,1,0
Dawson Mercer,NJD,all,C,81383,42,17
Calvin de Haan,CHI,all,D,78485,8,4
Matt Roy,LAK,all,D,84354,21,2
Miles Wood,NJD,all,L,2657,0,0
Ryan McDonagh,TBL,all,D,95610,26,4
Jake Guentzel,PIT,all,L,91644,84,40
Thomas Harley,DAL,all,D,27927,4,1
Remi Elie,TBL,all,L,657,0,0
Chad Ruhwedel,PIT,all,D,71747,13,4
Damon Severson,NJD,all,D,113268,46,11
Hunter Drew,ANA,all,D,1183,0,0
Brad Marchand,BOS,all,L,80855,80,32
Gregory Hofmann,CBJ,all,C,18008,7,2
Valeri Nichushkin,COL,all,R,70777,52,25
Josh Morrissey,WPG,all,D,112145,37,12
Rudolfs Balcers,SJS,all,L,55035,23,11
Connor Clifton,BOS,all,D,57831,10,2
Andrew Copp,NYR,all,C,82852,53,21
Jasper Weatherby,SJS,all,C,33722,11,5
Jack Ahcan,BOS,all,D,5771,1,1
Jordan Spence,LAK,all,D,28431,8,2
Mattias Samuelsson,BUF,all,D,50379,10,0
Michael Del Zotto,OTT,all,D,28480,13,3
Victor Olofsson,BUF,all,L,66453,49,20
Adam Beckman,MIN,all,L,1874,1,0
Zach Senyshyn,OTT,all,R,783,0,0
Sven Baertschi,VGK,all,L,834,0,0
Brandon Montour,FLA,all,D,86992,37,11
Philippe Myers,NSH,all,D,24103,4,1
William Eklund,SJS,all,C,7737,4,0
Laurent Dauphin,MTL,all,C,30309,12,4
Radim Simek,SJS,all,D,28688,2,1
Jean-Gabriel Pageau,NYI,all,C,81656,39,18
Mikael Granlund,NSH,all,C,97990,64,11
Noah Cates,PHI,all,L,12716,9,5
Mikhail Sergachev,TBL,all,D,105154,38,7
Scott Harrington,CBJ,all,D,6078,1,0
Nicolas Hague,VGK,all,D,58190,14,4
Trevor Moore,LAK,all,C,76241,48,17
Viktor Arvidsson,LAK,all,L,67246,49,20
Joe Pavelski,DAL,all,C,90892,81,27
Thomas Chabot,OTT,all,D,92720,38,7
Sheldon Rempal,VAN,all,R,551,0,0
Jesper Bratt,NJD,all,L,79481,73,26
Brady Tkachuk,OTT,all,L,89107,67,30
David Kampf,TOR,all,C,75106,26,11
Max Comtois,ANA,all,L,44102,16,6
Santeri Hatakka,SJS,all,D,6820,2,0
Brendan Smith,CAR,all,D,37579,8,4
Keith Yandle,PHI,all,D,64583,19,1
Vinnie Hinostroza,BUF,all,C,51603,25,13
Josh Manson,COL,all,D,76290,16,6
Nick Suzuki,MTL,all,C,100910,61,21
Owen Tippett,PHI,all,R,50738,21,10
Alex Galchenyuk,ARI,all,C,47353,21,6
Maxime Lajoie,CAR,all,D,3762,0,0
Calen Addison,MIN,all,D,12410,4,2
Vladislav Kolyachonok,ARI,all,D,30427,3,1
Aaron Ekblad,FLA,all,D,91212,57,15
Noel Acciari,FLA,all,C,14380,8,3
Dmitri Samorukov,EDM,all,D,148,0,0
Cole Caufield,MTL,all,R,67055,43,23
Zdeno Chara,NYI,all,D,80921,14,2
Tyler Bozak,STL,all,C,36493,12,3
Givani Smith,DET,all,R,23736,8,4
Brett Connolly,CHI,all,R,4534,1,0
Egor Sokolov,OTT,all,L,4978,0,0
Max Jones,ANA,all,L,1188,0,0
Tomas Hertl,SJS,all,C,98106,64,30
Artem Zub,OTT,all,D,102254,22,6
Jan Rutta,TBL,all,D,74726,18,3
Mathieu Perreault,MTL,all,C,16882,9,4
Tanner Pearson,VAN,all,L,65504,34,14
Brayden Point,TBL,all,C,77069,58,28
Jesper Boqvist,NJD,all,C,44114,23,10
Nathan MacKinnon,COL,all,C,82138,88,32
Julien Gauthier,NYR,all,R,30303,7,3
Jack Studnicka,BOS,all,C,11340,3,0
Brandon Saad,STL,all,L,76150,49,24
Logan Shaw,OTT,all,R,9566,3,1
Mike Hardman,CHI,all,L,11719,2,0
Jamie Benn,DAL,all,L,82396,46,18
Ben McCartney,ARI,all,L,1685,0,0
Markus Niemelainen,EDM,all,D,15833,1,0
Blake Wheeler,WPG,all,R,76201,60,17
Brad Richardson,VAN,all,R,27198,8,4
Ethan Bear,CAR,all,D,55959,14,5
Frederik Gauthier,NJD,all,C,5326,0,0
Alexander Barabanov,SJS,all,L,72159,39,10
Colton Sceviour,EDM,all,C,19894,5,2
Matthew Peca,STL,all,C,2890,1,0
Ian Cole,CAR,all,D,77184,19,2
Cole Smith,NSH,all,L,4241,0,0
Ethan Prow,BUF,all,D,3057,1,1
Jeff Carter,PIT,all,C,80579,45,19
Sam Bennett,FLA,all,C,72178,49,28
Michael Eyssimont,WPG,all,C,349,0,0
Seth Griffith,EDM,all,C,337,0,0
Kirby Dach,CHI,all,C,75786,26,9
Nathan Beaulieu,WPG,all,D,15509,4,0
Derrick Pouliot,SEA,all,D,10231,4,0
Brett Pesce,CAR,all,D,91143,28,7
Andreas Johnsson,NJD,all,L,61183,35,13
Austin Strand,LAK,all,D,7339,2,0
Lars Eller,WSH,all,C,69635,31,13
Sebastian Aho,CAR,all,C,89841,81,37
Brock McGinn,PIT,all,L,57581,22,12
Nate Thompson,PHI,all,C,23700,3,1
Brady Skjei,CAR,all,D,104020,39,9
Johnny Gaudreau,CGY,all,L,91388,115,40
Leo Komarov,NYI,all,R,650,0,0
Logan Stanley,WPG,all,D,54442,13,1
Nick Bjugstad,MIN,all,C,35091,13,7
Juuso Riikola,PIT,all,D,4016,1,0
Tanner Kero,DAL,all,C,13197,3,0
Ty Dellandrea,DAL,all,C,637,0,0
Jack McBain,ARI,all,C,8505,3,2
Leon Draisaitl,EDM,all,C,107276,110,55
Adam Erne,DET,all,L,63446,19,6
Jeff Petry,MTL,all,D,90254,27,6
Olli Maatta,LAK,all,D,72401,8,1
Martin Kaut,COL,all,R,3171,0,0
Gabriel Landeskog,COL,all,L,62172,59,30
MacKenzie Weegar,FLA,all,D,112188,44,8
Reese Johnson,CHI,all,C,19557,5,1
Madison Bowey,VAN,all,D,1888,0,0
Colton Sissons,NSH,all,C,76609,28,7
Brett Howden,VGK,all,C,30049,20,9
Kieffer Bellows,NYI,all,L,32034,19,6
Mikko Rantanen,COL,all,R,94355,92,36
Zack MacEwen,PHI,all,C,43485,9,3
Dylan Larkin,DET,all,C,83740,69,31
Andrew Poturalski,CAR,all,C,1217,2,0
Alex Vlasic,CHI,all,D,12878,2,1
Joey Anderson,TOR,all,R,2632,0,0
Samuel Girard,COL,all,D,86999,28,5
Sampo Ranta,COL,all,L,6536,0,0
Daniil Miromanov,VGK,all,D,6457,1,0
Anton Lundell,FLA,all,C,61375,44,18
Drake Batherson,OTT,all,R,52243,44,17
Brayden Schenn,STL,all,C,66145,58,24
Kyle Turris,EDM,all,C,11898,4,1
William Lockwood,VAN,all,R,8845,0,0
Filip Forsberg,NSH,all,L,74925,84,42
Gustav Forsling,FLA,all,D,90389,37,10
Thomas Bordeleau,SJS,all,C,7483,5,0
Carl Grundstrom,LAK,all,R,35283,15,9
Shane Pinto,OTT,all,C,3886,1,0
David Perron,STL,all,L,68285,57,27
Oliver Wahlstrom,NYI,all,R,52818,24,13
Kole Lind,SEA,all,R,16327,8,2
Patric Hornqvist,FLA,all,R,49493,28,11
Emil Bemstrom,CBJ,all,C,25881,11,6
Slater Koekkoek,EDM,all,D,12738,4,0
Dakota Mermis,MIN,all,D,1668,0,0
Dominik Simon,ANA,all,C,44435,13,3
Jack Eichel,VGK,all,C,39559,25,14
Darnell Nurse,EDM,all,D,106707,35,9
Brendan Gaunce,CBJ,all,C,14573,7,5
Blake Coleman,CGY,all,C,72028,33,16
Sidney Crosby,PIT,all,C,82694,84,31
Neal Pionk,WPG,all,D,97665,34,3
Tyson Barrie,EDM,all,D,83056,41,7
Drew Doughty,LAK,all,D,60222,31,7
Brock Boeser,VAN,all,R,79119,46,23
Peyton Krebs,BUF,all,C,49880,22,7
Ryan Dzingel,SJS,all,C,26327,8,5
Andrej Sekera,DAL,all,D,26332,4,1
Calle Rosen,STL,all,D,15474,7,2
Wayne Simmonds,TOR,all,R,40307,16,5
Ty Smith,NJD,all,D,69318,20,5
Jake Muzzin,TOR,all,D,58450,14,3
CJ Suess,WPG,all,L,1028,0,0
Max Domi,CAR,all,C,56313,39,11
Luke Kunin,NSH,all,C,68042,22,13
Colin Miller,BUF,all,D,43279,14,2
Dillon Heatherington,OTT,all,D,6660,0,0
Aleksi Heponiemi,FLA,all,C,5050,1,0
Kasper Bjorkqvist,PIT,all,R,3013,1,1
Nick Schmaltz,ARI,all,C,68975,59,23
Jacob Peterson,DAL,all,C,43146,17,12
Ryan Reaves,NYR,all,R,44088,13,5
Nikolaj Ehlers,WPG,all,L,67216,55,28
Matt Irwin,WSH,all,D,12895,4,1
Stefan Noesen,CAR,all,R,1719,0,0
Erik Johnson,COL,all,D,71949,20,7
Tucker Poolman,VAN,all,D,40803,3,1
Parker Kelly,OTT,all,L,26016,12,7
Mark Jankowski,BUF,all,C,15555,5,2
Scott Laughton,PHI,all,C,66014,30,11
Justin Braun,NYR,all,D,80923,18,6
Alex Belzile,MTL,all,R,6859,0,0
Teddy Blueger,PIT,all,C,58570,28,9
Noah Juulsen,VAN,all,D,7044,2,0
Alec Martinez,VGK,all,D,30483,8,3
J.T. Compher,COL,all,L,68554,33,18
Joel Hanley,DAL,all,D,31523,6,2
Alec Regula,CHI,all,D,16091,1,1
Ryan Johansen,NSH,all,C,78520,63,26
Sam Carrick,ANA,all,C,44034,19,11
Ondrej Palat,TBL,all,L,76190,49,18
Colton Parayko,STL,all,D,113069,35,6
Mattias Norlinder,MTL,all,D,4425,1,0
Filip Zadina,DET,all,R,62943,24,10
John Klingberg,DAL,all,D,98608,47,6
Nick Bonino,SJS,all,C,80159,26,16
Mike Matheson,PIT,all,D,83468,31,11
Travis Dermott,VAN,all,D,55209,7,2
Dominik Kubalik,CHI,all,L,67958,32,15
TJ Brodie,TOR,all,D,104852,28,4
Lucas Johansen,WSH,all,D,738,1,0
MacKenzie Entwistle,CHI,all,R,33815,12,5
Jesse Ylonen,MTL,all,R,9715,5,2
Yegor Chinakhov,CBJ,all,R,46511,14,7
Michael McLeod,NJD,all,C,61566,20,6
Joe Snively,WSH,all,C,8321,7,4
Gerry Mayhew,ANA,all,C,31621,12,11
Mathew Barzal,NYI,all,C,78926,59,15
Brian Dumoulin,PIT,all,D,99490,18,3
Justin Danforth,CBJ,all,R,33942,14,10
Klim Kostin,STL,all,C,21636,9,4
Brad Malone,EDM,all,C,3974,2,1
Cole Perfetti,WPG,all,C,15280,7,2
Liam O'Brien,ARI,all,C,22177,3,2
Cody Glass,NSH,all,C,5476,1,0
Anton Blidh,BOS,all,L,20593,9,2
Ryan Lomberg,FLA,all,L,37641,18,9
Ryan Ellis,PHI,all,D,5473,5,1
